{"epoch":99,"lr":0,"val_top5_acc":15.625,"_wandb":{"runtime":327},"_runtime":327,"_timestamp":1.7649609076886196e+09,"_step":119,"train_loss":2.7733045986720493}