{"_wandb":{"runtime":188},"val_mrr":0.15040260553359985,"_timestamp":1.7652921141666124e+09,"_step":119,"lr":0,"val_top5_acc":28.125,"val_top1_acc":0,"epoch":99,"train_loss":0.8685235806873867,"_runtime":188}