{"_wandb":{"runtime":48},"_runtime":48,"_timestamp":1.765188359571432e+09,"_step":119,"train_loss":44.219112396240234,"epoch":99,"lr":0,"val_top5_acc":40.625}