{"_wandb":{"runtime":261},"_runtime":261,"train_loss":2.715487446103777,"epoch":99,"lr":0,"_timestamp":1.7651916351695807e+09,"_step":119,"val_top5_acc":15.625}