{"val_top1_acc":15.625,"val_mrr":0.26417139172554016,"train_loss":0.23621835666043417,"_wandb":{"runtime":435},"epoch":99,"lr":0,"_runtime":435,"_step":119,"_timestamp":1.7652919203778281e+09,"val_top5_acc":34.375}