{"_step":119,"train_loss":44.61102549235026,"epoch":99,"lr":0,"_timestamp":1.7652010410036182e+09,"val_top5_acc":21.875,"_wandb":{"runtime":155},"_runtime":155}