{"_runtime":45,"_wandb":{"runtime":45},"train_loss":44.2299919128418,"epoch":99,"lr":0,"_timestamp":1.76518840950797e+09,"_step":119,"val_top5_acc":21.875}