{"val_top5_acc":21.875,"_wandb":{"runtime":190},"_runtime":190,"_timestamp":1.765199893428971e+09,"_step":119,"train_loss":42.66118349347796,"epoch":99,"lr":0}