{"train_loss":0.17898708581924438,"epoch":99,"lr":0,"_timestamp":1.7651873116371753e+09,"val_top5_acc":15.625,"_wandb":{"runtime":78},"_runtime":78,"_step":119}