{"lr":0,"val_top5_acc":25,"_wandb":{"runtime":154},"_runtime":154,"_timestamp":1.765194939094892e+09,"_step":119,"train_loss":42.70277659098307,"epoch":99}