{"val_top5_acc":18.75,"_wandb":{"runtime":45},"_runtime":45,"epoch":99,"lr":0,"_timestamp":1.765186768146895e+09,"_step":119,"train_loss":44.07447814941406}