{"val_top5_acc":34.375,"_runtime":216,"_wandb":{"runtime":216},"lr":0,"_timestamp":1.7651966433251183e+09,"_step":119,"train_loss":42.54697363717215,"epoch":99}