{"epoch":99,"lr":0,"val_top5_acc":25,"_wandb":{"runtime":47},"_runtime":47,"_timestamp":1.7651870203554654e+09,"_step":119,"train_loss":0.03973621875047684}