{"train_loss":44.05204391479492,"epoch":99,"val_top5_acc":25,"_wandb":{"runtime":46},"_runtime":46,"lr":0,"_timestamp":1.7651867170580416e+09,"_step":119}