{"epoch":99,"val_top5_acc":15.625,"_wandb":{"runtime":157},"_runtime":157,"lr":0,"_timestamp":1.7649583229988825e+09,"_step":119,"train_loss":2.772327184677124}