{"_timestamp":1.7651861851045887e+09,"_step":119,"val_top5_acc":25,"_wandb":{"runtime":50},"_runtime":50,"train_loss":5.469890594482422,"epoch":99,"lr":0}