{"_runtime":272,"lr":0,"_timestamp":1.7651972336784189e+09,"_step":119,"train_loss":44.56034415108817,"epoch":99,"val_top5_acc":21.875,"_wandb":{"runtime":272}}