{"val_top5_acc":31.25,"_wandb":{"runtime":205},"_runtime":205,"_step":119,"train_loss":2.330651044845581,"epoch":99,"lr":0,"_timestamp":1.7651931759068265e+09}