{"_step":119,"train_loss":42.11890084402902,"epoch":99,"lr":0,"val_top5_acc":18.75,"_wandb":{"runtime":276},"_runtime":276,"_timestamp":1.7651960303244576e+09}