{"train_loss":3.4525500933329263,"epoch":99,"val_top5_acc":28.125,"_runtime":67,"_wandb":{"runtime":67},"lr":0,"_timestamp":1.7651871442280192e+09,"_step":119}