{"_runtime":137,"_timestamp":1.7651919264154606e+09,"_step":119,"train_loss":0.7330206235249838,"epoch":99,"lr":0,"val_top5_acc":18.75,"_wandb":{"runtime":137}}