{"lr":0,"val_top5_acc":18.75,"_wandb":{"runtime":381},"_runtime":381,"_timestamp":1.7652709192096553e+09,"_step":119,"train_loss":0.429484486579895,"epoch":99}