{"val_top5_acc":12.5,"_wandb":{"runtime":209},"_runtime":209,"lr":0,"_timestamp":1.7652736509968896e+09,"_step":119,"train_loss":0.31404488001550945,"epoch":99}