{"_runtime":157,"_step":119,"train_loss":0.6931668519973755,"epoch":99,"lr":0,"_timestamp":1.7652768214241862e+09,"val_top5_acc":15.625,"_wandb":{"runtime":157}}