{"_runtime":348,"_wandb":{"runtime":348},"train_loss":0.265443354845047,"epoch":99,"lr":0,"_timestamp":1.7652724508525128e+09,"_step":119,"val_top5_acc":25}