{"train_loss":44.470558166503906,"epoch":99,"lr":0,"val_top5_acc":25,"_wandb":{"runtime":45},"_runtime":45,"_timestamp":1.7651875960577078e+09,"_step":119}