{"_step":119,"train_loss":2.4715655531202043,"epoch":99,"lr":0,"_timestamp":1.7651996976520329e+09,"val_top5_acc":25,"_wandb":{"runtime":206},"_runtime":206}