{"train_loss":789.8422342936198,"epoch":99,"lr":0,"_timestamp":1.7649562432649612e+09,"val_top5_acc":15.625,"_wandb":{"runtime":448},"_runtime":448,"_step":119}