{"_runtime":269,"train_loss":41.889744894845144,"epoch":99,"lr":0,"_timestamp":1.7651925455545826e+09,"_step":119,"val_top5_acc":18.75,"_wandb":{"runtime":269}}