{"lr":0,"_timestamp":1.765277684708509e+09,"val_top5_acc":31.25,"_wandb":{"runtime":392},"_runtime":392,"_step":119,"train_loss":0.5387500325838724,"epoch":99}