{"val_top5_acc":15.625,"_wandb":{"runtime":103},"_runtime":103,"train_loss":44.606486002604164,"epoch":99,"lr":0,"_timestamp":1.7651961413032396e+09,"_step":119}