{"lr":0,"_timestamp":1.765271621605986e+09,"val_top5_acc":18.75,"_wandb":{"runtime":324},"_runtime":324,"_step":119,"train_loss":0.1479287850005286,"epoch":99}