{"_wandb":{"runtime":206},"_timestamp":1.765199090681092e+09,"_step":119,"train_loss":42.869050707135884,"epoch":99,"lr":0,"val_top5_acc":25,"_runtime":206}