{"epoch":99,"val_top5_acc":15.625,"_wandb":{"runtime":374},"_runtime":374,"lr":0,"_timestamp":1.7649633928324254e+09,"_step":119,"train_loss":2.7733424731663296}