{"_wandb":{"runtime":85},"_runtime":85,"epoch":99,"lr":0,"_timestamp":1.7649626726333826e+09,"_step":119,"train_loss":3.993354876836141,"val_top5_acc":15.625}