{"lr":0,"_timestamp":1.7652781349351954e+09,"val_top5_acc":31.25,"_wandb":{"runtime":444},"_runtime":444,"_step":119,"train_loss":1.7342617682048254,"epoch":99}