{"_wandb":{"runtime":193},"val_top5_acc":34.375,"lr":0,"_timestamp":1.7652913462020483e+09,"val_mrr":0.20576924085617065,"_runtime":193,"val_top1_acc":6.25,"train_loss":41.873060862223305,"epoch":99,"_step":119}