{"_runtime":43,"train_loss":44.48180389404297,"epoch":99,"lr":0,"_timestamp":1.7651880685875468e+09,"_step":119,"val_top5_acc":31.25,"_wandb":{"runtime":43}}