{"_step":119,"train_loss":0.6943323214848837,"epoch":99,"lr":0,"_timestamp":1.7652739228245823e+09,"val_top5_acc":31.25,"_wandb":{"runtime":97},"_runtime":97}