{"lr":0,"val_top5_acc":37.5,"_wandb":{"runtime":206},"_runtime":206,"_timestamp":1.7651943430046859e+09,"_step":119,"train_loss":42.63191550118582,"epoch":99}