{"_runtime":48,"train_loss":44.37025833129883,"epoch":99,"lr":0,"_timestamp":1.7651885165880632e+09,"_step":119,"val_top5_acc":37.5,"_wandb":{"runtime":48}}