{"val_top5_acc":28.125,"_wandb":{"runtime":272},"_runtime":272,"train_loss":42.107225690569194,"epoch":99,"lr":0,"_timestamp":1.7651954302642767e+09,"_step":119}