{"train_loss":44.566925048828125,"epoch":99,"val_top5_acc":21.875,"_wandb":{"runtime":44},"_runtime":44,"lr":0,"_timestamp":1.7651881785282865e+09,"_step":119}