{"lr":0,"_timestamp":1.7652017381865797e+09,"val_top5_acc":21.875,"_wandb":{"runtime":224},"_runtime":224,"_step":119,"train_loss":42.81520334879557,"epoch":99}