{"_runtime":124,"_step":119,"train_loss":95.20313008626302,"epoch":99,"lr":0,"_timestamp":1.764958455963904e+09,"val_top5_acc":15.625,"_wandb":{"runtime":124}}