{"_step":119,"train_loss":42.8703358968099,"epoch":99,"lr":0,"_timestamp":1.7652001261285398e+09,"val_top5_acc":31.25,"_wandb":{"runtime":225},"_runtime":225}