{"train_loss":0.6347776254018148,"val_top5_acc":25,"_wandb":{"runtime":217},"_runtime":217,"epoch":99,"lr":0,"_timestamp":1.7652766587524126e+09,"_step":119}