{"_runtime":46,"lr":0,"_timestamp":1.7651879669530609e+09,"_step":119,"train_loss":44.39653396606445,"epoch":99,"val_top5_acc":28.125,"_wandb":{"runtime":46}}