{"train_loss":3.8631858030954995,"epoch":0,"_wandb":{"runtime":3},"_runtime":3,"lr":0.0002999259840548597,"_timestamp":1.765191175642123e+09,"_step":0}