{"_timestamp":1.7651873609325495e+09,"val_top5_acc":34.375,"_wandb":{"runtime":44},"_runtime":44,"_step":119,"train_loss":4.354885578155518,"epoch":99,"lr":0}