{"lr":0,"_timestamp":1.7652002791659703e+09,"_step":119,"train_loss":42.50279108683268,"epoch":99,"val_top5_acc":31.25,"_wandb":{"runtime":145},"_runtime":145}