{"_runtime":160,"train_loss":0.24503451585769653,"epoch":99,"lr":0,"_timestamp":1.7652748380257208e+09,"_step":119,"val_top5_acc":21.875,"_wandb":{"runtime":160}}