{"_wandb":{"runtime":207},"_runtime":207,"lr":0,"_timestamp":1.7652750514846308e+09,"_step":119,"train_loss":0.6950617773192269,"epoch":99,"val_top5_acc":15.625}