{"epoch":99,"lr":0,"_timestamp":1.7649652243426888e+09,"val_top5_acc":15.625,"_wandb":{"runtime":165},"_runtime":165,"_step":119,"train_loss":2.8823468344552174}