{"_step":119,"train_loss":0.42956896622975665,"val_top5_acc":31.25,"_wandb":{"runtime":174},"_runtime":174,"epoch":99,"lr":0,"_timestamp":1.7652720949408221e+09}