{"_step":119,"val_top5_acc":34.375,"_wandb":{"runtime":75},"_runtime":75,"train_loss":41.372535705566406,"epoch":99,"lr":0,"_timestamp":1.7651875424591932e+09}