{"train_loss":42.826559702555336,"val_top5_acc":21.875,"_wandb":{"runtime":232},"_runtime":232,"epoch":99,"lr":0,"_timestamp":1.7651977527874749e+09,"_step":119}