{"train_loss":44.233245849609375,"epoch":99,"lr":0,"_timestamp":1.7651878085781047e+09,"val_top5_acc":31.25,"_wandb":{"runtime":75},"_runtime":75,"_step":119}