{"val_top5_acc":31.25,"_wandb":{"runtime":160},"_runtime":160,"train_loss":42.919276101248606,"epoch":99,"lr":0,"_timestamp":1.7651980495843616e+09,"_step":119}