{"train_loss":44.776871817452566,"epoch":99,"lr":0,"_timestamp":1.7652006723799813e+09,"val_top5_acc":12.5,"_wandb":{"runtime":258},"_runtime":258,"_step":119}