{"_runtime":308,"epoch":99,"lr":0,"_timestamp":1.7651957464272761e+09,"_step":119,"train_loss":43.03208977835519,"val_top5_acc":25,"_wandb":{"runtime":308}}