{"val_top5_acc":34.375,"_wandb":{"runtime":229},"_runtime":229,"_timestamp":1.765273094495988e+09,"_step":119,"train_loss":0.5151189466317495,"epoch":99,"lr":0}