{"_step":119,"val_mrr":0.20053115487098694,"epoch":99,"val_top1_acc":9.375,"_runtime":165,"lr":0,"train_loss":44.00198491414388,"_timestamp":1.7652848099575052e+09,"val_top5_acc":25,"_wandb":{"runtime":165}}