{"_step":119,"val_top5_acc":15.625,"_wandb":{"runtime":110},"_runtime":110,"train_loss":2.8487777028765,"epoch":99,"lr":0,"_timestamp":1.764964480541825e+09}