{"_step":119,"epoch":99,"_runtime":121,"val_top1_acc":3.125,"train_loss":44.101418813069664,"val_top5_acc":21.875,"lr":0,"val_mrr":0.15370811522006989,"_wandb":{"runtime":121},"_timestamp":1.7652914773603525e+09}