{"_timestamp":1.7651922664079697e+09,"_step":119,"train_loss":41.9494883219401,"epoch":99,"val_top5_acc":21.875,"_wandb":{"runtime":332},"_runtime":332,"lr":0}