{"epoch":99,"lr":0,"_timestamp":1.7651852620103152e+09,"_step":119,"train_loss":3.465916395187378,"val_top5_acc":15.625,"_wandb":{"runtime":171},"_runtime":171}