{"_timestamp":1.7652907788842752e+09,"train_loss":44.170814514160156,"epoch":99,"_wandb":{"runtime":243},"val_mrr":0.16347944736480713,"_runtime":243,"_step":119,"val_top5_acc":25,"val_top1_acc":6.25,"lr":0}