{"_wandb":{"runtime":282},"_runtime":282,"_timestamp":1.7652023709161184e+09,"_step":119,"train_loss":42.23882293701172,"epoch":99,"lr":0,"val_top5_acc":18.75}