{"val_top5_acc":25,"_runtime":70,"_wandb":{"runtime":70},"epoch":99,"lr":0,"_timestamp":1.7651892264291973e+09,"_step":119,"train_loss":0.992679218451182}