{"train_loss":1.8500072956085205,"epoch":99,"val_top5_acc":28.125,"_wandb":{"runtime":241},"_runtime":241,"lr":0,"_timestamp":1.7652701884917362e+09,"_step":119}