{"val_top5_acc":40.625,"epoch":99,"val_top1_acc":6.25,"_runtime":368,"lr":0,"_wandb":{"runtime":368},"_step":119,"val_mrr":0.2326313555240631,"_timestamp":1.765282287105684e+09,"train_loss":43.99080022176107}