{"_step":119,"val_top5_acc":34.375,"_runtime":187,"_wandb":{"runtime":187},"train_loss":42.66943141392299,"epoch":99,"lr":0,"_timestamp":1.7651982424961805e+09}