{"_step":119,"val_top5_acc":25,"_runtime":191,"_wandb":{"runtime":191},"train_loss":44.65494755336216,"epoch":99,"lr":0,"_timestamp":1.7651988784311626e+09}