{"_step":119,"train_loss":42.71317672729492,"val_top5_acc":21.875,"_wandb":{"runtime":43},"_runtime":43,"epoch":99,"lr":0,"_timestamp":1.7651863185339644e+09}