{"_timestamp":1.7651847805906634e+09,"val_top5_acc":15.625,"_wandb":{"runtime":114},"_runtime":114,"_step":119,"train_loss":44.5182736714681,"epoch":99,"lr":0}