{"_runtime":210,"_wandb":{"runtime":210},"_step":119,"train_loss":3.4655744234720864,"epoch":99,"lr":0,"_timestamp":1.7649577950362933e+09,"val_top5_acc":15.625}