{"train_loss":601.9064549037388,"val_top5_acc":15.625,"_wandb":{"runtime":415},"_runtime":415,"epoch":99,"lr":0,"_timestamp":1.7649573006904585e+09,"_step":119}