{"_wandb":{"runtime":45},"_runtime":45,"_timestamp":1.765187861811951e+09,"_step":119,"train_loss":44.467830657958984,"epoch":99,"lr":0,"val_top5_acc":28.125}