{"val_top5_acc":15.625,"_wandb":{"runtime":151},"_runtime":151,"train_loss":8.278761114392962,"epoch":99,"lr":0,"_timestamp":1.7649581612580214e+09,"_step":119}