{"lr":0,"val_top5_acc":15.625,"_wandb":{"runtime":336},"_runtime":336,"_timestamp":1.7649601142200553e+09,"_step":119,"train_loss":366.5559757777623,"epoch":99}