{"val_top5_acc":25,"_wandb":{"runtime":48},"_runtime":48,"_timestamp":1.7651881257184966e+09,"_step":119,"train_loss":41.88882827758789,"epoch":99,"lr":0}