{"_timestamp":1.7649684372145953e+09,"val_top5_acc":15.625,"_wandb":{"runtime":268},"_runtime":268,"_step":119,"train_loss":3.465907255808512,"epoch":99,"lr":0}