{"_runtime":180,"train_loss":3794.0833740234375,"epoch":99,"lr":0,"_timestamp":1.7649586413520138e+09,"_step":119,"val_top5_acc":15.625,"_wandb":{"runtime":180}}