{"_timestamp":1.765188020051916e+09,"_step":119,"train_loss":0.12401331961154938,"epoch":99,"val_top5_acc":40.625,"_wandb":{"runtime":47},"_runtime":47,"lr":0}