{"val_top5_acc":34.375,"_wandb":{"runtime":44},"_runtime":44,"_step":119,"train_loss":44.43039321899414,"epoch":99,"lr":0,"_timestamp":1.7651885697684531e+09}