{"_wandb":{"runtime":137},"lr":0,"_timestamp":1.7652732403767588e+09,"_step":119,"train_loss":3.1610747973124185,"epoch":99,"val_top5_acc":21.875,"_runtime":137}