{"_wandb":{"runtime":258},"_runtime":258,"_step":119,"train_loss":0.35401052236557007,"epoch":99,"lr":0,"_timestamp":1.765277285941363e+09,"val_top5_acc":31.25}