{"_step":119,"val_top5_acc":28.125,"_wandb":{"runtime":210},"_runtime":210,"train_loss":0.5655706567423684,"epoch":99,"lr":0,"_timestamp":1.7652746648482242e+09}