{"lr":0,"_timestamp":1.7649567087129023e+09,"_step":119,"train_loss":2.777623244694301,"epoch":99,"val_top5_acc":15.625,"_wandb":{"runtime":134},"_runtime":134}