{"train_loss":3.5822285811106362,"epoch":99,"lr":0,"val_top5_acc":15.625,"_wandb":{"runtime":108},"_runtime":108,"_timestamp":1.765194130167118e+09,"_step":119}