{"_timestamp":1.7649669277483385e+09,"_step":119,"train_loss":365.476553780692,"val_top5_acc":15.625,"_wandb":{"runtime":541},"_runtime":541,"epoch":99,"lr":0}