{"_step":119,"train_loss":1.0556026782308305,"val_top5_acc":31.25,"_wandb":{"runtime":285},"_runtime":285,"epoch":99,"lr":0,"_timestamp":1.7652744446421251e+09}