{"epoch":99,"lr":0,"val_mrr":0.1820749193429947,"_runtime":370,"_step":119,"val_top1_acc":6.25,"val_top5_acc":25,"_wandb":{"runtime":370},"_timestamp":1.765290289833808e+09,"train_loss":43.97156524658203}