{"lr":0,"_timestamp":1.764957577407057e+09,"_step":119,"train_loss":3.5596377849578857,"val_top5_acc":15.625,"_wandb":{"runtime":70},"_runtime":70,"epoch":99}