{"epoch":99,"lr":0,"_timestamp":1.7649615841901517e+09,"_step":119,"train_loss":4.434770481927054,"val_top5_acc":15.625,"_wandb":{"runtime":246},"_runtime":246}