{"val_top5_acc":31.25,"_wandb":{"runtime":77},"_runtime":77,"_step":119,"train_loss":0.01803887200852235,"epoch":99,"lr":0,"_timestamp":1.7651872274788141e+09}