{"_runtime":247,"_wandb":{"runtime":247},"train_loss":2.776907171521868,"epoch":99,"lr":0,"_timestamp":1.7649650525036776e+09,"_step":119,"val_top5_acc":15.625}