{"epoch":99,"lr":0,"_timestamp":1.7652734350273218e+09,"_step":119,"train_loss":2.9993955294291177,"val_top5_acc":18.75,"_wandb":{"runtime":180},"_runtime":180}