{"_runtime":64,"_timestamp":1.765188777661707e+09,"_step":119,"train_loss":44.40256881713867,"epoch":99,"lr":0,"val_top5_acc":18.75,"_wandb":{"runtime":64}}