{"epoch":99,"lr":0,"val_top5_acc":25,"_wandb":{"runtime":190},"_runtime":190,"_timestamp":1.7651936683561137e+09,"_step":119,"train_loss":43.00008937290737}