{"_step":119,"train_loss":44.28262201944987,"epoch":99,"lr":0,"_timestamp":1.7651883062739651e+09,"val_top5_acc":28.125,"_wandb":{"runtime":67},"_runtime":67}