{"train_loss":44.710082462855745,"epoch":99,"lr":0,"_timestamp":1.7651951494351532e+09,"val_top5_acc":31.25,"_wandb":{"runtime":204},"_runtime":204,"_step":119}