{"_step":119,"train_loss":3.466569979985555,"epoch":99,"lr":0,"val_top5_acc":15.625,"_wandb":{"runtime":93},"_runtime":93,"_timestamp":1.7649616843086188e+09}