{"_timestamp":1.7651964202740622e+09,"val_top5_acc":25,"_wandb":{"runtime":272},"_runtime":272,"_step":119,"train_loss":41.89187240600586,"epoch":99,"lr":0}