{"lr":0,"_timestamp":1.7652786646850834e+09,"val_top5_acc":37.5,"_wandb":{"runtime":259},"_runtime":259,"_step":119,"train_loss":2.813542207082113,"epoch":99}