{"epoch":99,"lr":0,"_timestamp":1.765278395409357e+09,"val_top5_acc":21.875,"_wandb":{"runtime":254},"_runtime":254,"_step":119,"train_loss":0.6103788216908773}