{"_wandb":{"runtime":302},"_runtime":302,"train_loss":44.76313836233957,"epoch":99,"lr":0,"_timestamp":1.7651969524521792e+09,"_step":119,"val_top5_acc":18.75}