{"_timestamp":1.7652719119758608e+09,"val_top5_acc":18.75,"_wandb":{"runtime":110},"_runtime":110,"_step":119,"train_loss":3.4660226504007974,"epoch":99,"lr":0}