{"epoch":99,"lr":0,"_timestamp":1.7651993140791457e+09,"_step":119,"train_loss":42.63188879830496,"val_top5_acc":25,"_wandb":{"runtime":217},"_runtime":217}