{"train_loss":1.3813693523406982,"val_top5_acc":18.75,"_wandb":{"runtime":339},"_runtime":339,"epoch":99,"lr":0,"_timestamp":1.765194014190225e+09,"_step":119}