{"lr":0,"val_mrr":0.17624826729297638,"val_top5_acc":21.875,"train_loss":43.94928232828776,"val_top1_acc":6.25,"_step":119,"_wandb":{"runtime":230},"epoch":99,"_timestamp":1.765290527704254e+09,"_runtime":230}