{"lr":0,"_timestamp":1.7649625818454783e+09,"_step":119,"train_loss":2.883541856493269,"val_top5_acc":15.625,"_wandb":{"runtime":82},"_runtime":82,"epoch":99}