{"val_top5_acc":15.625,"_wandb":{"runtime":117},"_runtime":117,"train_loss":2.8902648289998374,"epoch":99,"lr":0,"_timestamp":1.7651928182560666e+09,"_step":119}