{"val_top5_acc":28.125,"_wandb":{"runtime":165},"_runtime":165,"_step":119,"train_loss":42.664801279703774,"epoch":99,"lr":0,"_timestamp":1.7651994853085573e+09}