{"lr":0,"_timestamp":1.765274139383754e+09,"_step":119,"train_loss":0.5848026956830706,"val_top5_acc":21.875,"_wandb":{"runtime":209},"_runtime":209,"epoch":99}