{"_runtime":273,"train_loss":44.304356166294646,"epoch":99,"lr":0,"_timestamp":1.7651975147119818e+09,"_step":119,"val_top5_acc":18.75,"_wandb":{"runtime":273}}