{"_step":119,"train_loss":44.17100960867746,"val_top5_acc":28.125,"_runtime":289,"_wandb":{"runtime":289},"epoch":99,"lr":0,"_timestamp":1.7651934724532855e+09}