{"_wandb":{"runtime":77},"_runtime":77,"_step":119,"train_loss":41.211560567220054,"epoch":99,"lr":0,"_timestamp":1.7651862699548016e+09,"val_top5_acc":28.125}