{"train_loss":2.2894250551859536,"val_top5_acc":25,"_wandb":{"runtime":178},"_runtime":178,"epoch":99,"lr":0,"_timestamp":1.765277013535224e+09,"_step":119}