{"val_top5_acc":15.625,"_wandb":{"runtime":166},"_runtime":166,"_step":119,"train_loss":3.6080034573872886,"epoch":99,"lr":0,"_timestamp":1.7649568806853695e+09}