{"_runtime":162,"_timestamp":1.7652760113180668e+09,"_step":119,"train_loss":0.5689658323923746,"epoch":99,"lr":0,"val_top5_acc":18.75,"_wandb":{"runtime":162}}