{"train_loss":3.3253066880362376,"epoch":99,"lr":0,"_timestamp":1.7649589474680083e+09,"val_top5_acc":15.625,"_wandb":{"runtime":149},"_runtime":149,"_step":119}