{"train_loss":0.7873147130012512,"epoch":99,"lr":0,"val_top5_acc":21.875,"_wandb":{"runtime":139},"_runtime":139,"_timestamp":1.7651917822915184e+09,"_step":119}