{"lr":0,"_timestamp":1.7652738170056999e+09,"_step":119,"train_loss":3.4730306466420493,"val_top5_acc":28.125,"_wandb":{"runtime":157},"_runtime":157,"epoch":99}