{"lr":0,"_timestamp":1.7652020807953858e+09,"val_top5_acc":28.125,"_wandb":{"runtime":334},"_runtime":334,"_step":119,"train_loss":42.013267517089844,"epoch":99}