{"train_loss":41.84454600016276,"val_top5_acc":40.625,"_wandb":{"runtime":66},"_runtime":66,"epoch":99,"lr":0,"_timestamp":1.7651868414880202e+09,"_step":119}