{"train_loss":2.845963954925537,"epoch":99,"val_top5_acc":21.875,"_wandb":{"runtime":66},"_runtime":66,"lr":0,"_timestamp":1.7651865396726706e+09,"_step":119}