{"_step":119,"train_loss":0.9892667531967163,"epoch":99,"lr":0,"_timestamp":1.7651870700027564e+09,"val_top5_acc":12.5,"_wandb":{"runtime":45},"_runtime":45}