{"_step":119,"train_loss":44.618794759114586,"epoch":99,"lr":0,"val_top5_acc":25,"_wandb":{"runtime":140},"_runtime":140,"_timestamp":1.7652013532791877e+09}