{"lr":0,"_timestamp":1.765194777532906e+09,"_step":119,"val_top5_acc":31.25,"_wandb":{"runtime":428},"_runtime":428,"train_loss":44.5686525617327,"epoch":99}