{"val_top5_acc":15.625,"_wandb":{"runtime":165},"_runtime":165,"train_loss":2.7758356503077914,"epoch":99,"lr":0,"_timestamp":1.7649674416198618e+09,"_step":119}