{"_runtime":30,"epoch":20,"lr":0.00026852325185635354,"_timestamp":1.7651845650053554e+09,"_step":24,"train_loss":2.77448947089059,"val_top5_acc":15.625,"_wandb":{"runtime":30}}