{"lr":0,"val_top5_acc":28.125,"_wandb":{"runtime":158},"_runtime":158,"_timestamp":1.7652012050992763e+09,"_step":119,"train_loss":42.798989613850914,"epoch":99}