{"val_top5_acc":31.25,"_runtime":142,"_wandb":{"runtime":142},"train_loss":1.318448739392417,"epoch":99,"lr":0,"_timestamp":1.7651913668094375e+09,"_step":119}