{"lr":0,"_timestamp":1.7651868918126981e+09,"val_top5_acc":25,"_wandb":{"runtime":43},"_runtime":43,"_step":119,"train_loss":44.492576599121094,"epoch":99}