{"_timestamp":1.7651890439281867e+09,"_step":119,"val_top5_acc":18.75,"_runtime":44,"_wandb":{"runtime":44},"train_loss":4.55076265335083,"epoch":99,"lr":0}