{"_runtime":46,"train_loss":5.811176300048828,"epoch":99,"lr":0,"_timestamp":1.7651886239666977e+09,"_step":119,"val_top5_acc":28.125,"_wandb":{"runtime":46}}