{"_timestamp":1.7652710351541219e+09,"_step":119,"val_top5_acc":15.625,"_wandb":{"runtime":90},"_runtime":90,"train_loss":0.6964366436004639,"epoch":99,"lr":0}