{"train_loss":44.16032155354818,"epoch":99,"lr":0,"_timestamp":1.765186964489141e+09,"val_top5_acc":21.875,"_wandb":{"runtime":64},"_runtime":64,"_step":119}