{"lr":0.0009911436253643444,"_timestamp":1.765186036040541e+09,"val_top5_acc":9.375,"_wandb":{"runtime":4},"_runtime":4,"_step":6,"train_loss":3.1697640419006348,"epoch":5}