{"_wandb":{"runtime":79},"_runtime":79,"train_loss":3.467994292577108,"epoch":99,"lr":0,"_timestamp":1.764962900923566e+09,"_step":119,"val_top5_acc":15.625}