{"_timestamp":1.7651929633593261e+09,"val_top5_acc":25,"_wandb":{"runtime":138},"_runtime":138,"_step":119,"train_loss":2.019203083855765,"epoch":99,"lr":0}