{"lr":0,"_timestamp":1.7651864643608925e+09,"val_top5_acc":28.125,"_wandb":{"runtime":64},"_runtime":64,"_step":119,"train_loss":42.254478454589844,"epoch":99}