{"_timestamp":1.7652753893260722e+09,"_step":119,"train_loss":1.2269336155482702,"epoch":99,"lr":0,"val_top5_acc":31.25,"_wandb":{"runtime":332},"_runtime":332}