{"val_top5_acc":25,"_wandb":{"runtime":45},"_runtime":45,"lr":0,"_timestamp":1.7651888311449454e+09,"_step":119,"train_loss":6.056756019592285,"epoch":99}