{"lr":0,"_timestamp":1.765186590029035e+09,"_step":119,"train_loss":44.09661865234375,"val_top5_acc":31.25,"_wandb":{"runtime":44},"_runtime":44,"epoch":99}