{"_runtime":240,"lr":0,"_timestamp":1.7652894846458247e+09,"train_loss":44.06008275349935,"epoch":99,"val_top1_acc":0,"val_mrr":0.11710580438375473,"_wandb":{"runtime":240},"_step":119,"val_top5_acc":18.75}