{"_step":119,"train_loss":42.100006103515625,"epoch":99,"lr":0,"val_top5_acc":21.875,"_wandb":{"runtime":44},"_runtime":44,"_timestamp":1.7651879129274437e+09}