{"lr":0,"_timestamp":1.7651978830737371e+09,"val_top5_acc":28.125,"_wandb":{"runtime":124},"_runtime":124,"_step":119,"train_loss":42.84606424967448,"epoch":99}