{"train_loss":2.771862438746861,"epoch":99,"lr":0,"_timestamp":1.7649613283777757e+09,"_step":119,"val_top5_acc":15.625,"_wandb":{"runtime":151},"_runtime":151}