{"_wandb":{"runtime":328},"_runtime":328,"_timestamp":1.7652705235758386e+09,"_step":119,"train_loss":0.4944217999776204,"epoch":99,"lr":0,"val_top5_acc":31.25}