{"_runtime":140,"lr":0,"_timestamp":1.7651926952395148e+09,"_step":119,"train_loss":42.701760609944664,"epoch":99,"val_top5_acc":18.75,"_wandb":{"runtime":140}}