{"train_loss":4.251729488372803,"val_top5_acc":15.625,"_wandb":{"runtime":100},"_runtime":100,"epoch":99,"lr":0,"_timestamp":1.7649630102211015e+09,"_step":119}