{"lr":0,"_timestamp":1.7649672715900345e+09,"val_top5_acc":15.625,"_wandb":{"runtime":336},"_runtime":336,"_step":119,"train_loss":3.46648375193278,"epoch":99}