{"_wandb":{"runtime":226},"epoch":99,"val_top1_acc":9.375,"lr":0,"val_mrr":0.21640528738498688,"_runtime":226,"_timestamp":1.7652892365962856e+09,"_step":119,"train_loss":44.134464263916016,"val_top5_acc":34.375}