{"lr":0,"_timestamp":1.765188910779258e+09,"_step":119,"val_top5_acc":28.125,"_wandb":{"runtime":72},"_runtime":72,"train_loss":1.4146045446395874,"epoch":99}