{"train_loss":9.251424653189522,"epoch":99,"lr":0,"_timestamp":1.7651855137543125e+09,"val_top5_acc":15.625,"_wandb":{"runtime":246},"_runtime":246,"_step":119}