{"_wandb":{"runtime":154},"_runtime":154,"_step":119,"train_loss":0.6940736373265585,"epoch":99,"lr":0,"_timestamp":1.765271788718316e+09,"val_top5_acc":15.625}