{"train_loss":42.91216150919596,"epoch":99,"lr":0,"_timestamp":1.7652004046794348e+09,"val_top5_acc":18.75,"_wandb":{"runtime":120},"_runtime":120,"_step":119}