{"lr":0,"_timestamp":1.7651876721221719e+09,"_step":119,"train_loss":44.238468170166016,"val_top5_acc":31.25,"_runtime":69,"_wandb":{"runtime":69},"epoch":99}