{"_timestamp":1.7652788073187063e+09,"_step":119,"val_top5_acc":12.5,"_wandb":{"runtime":137},"_runtime":137,"train_loss":3.4395042260487876,"epoch":99,"lr":0}