{"epoch":99,"lr":0,"val_top5_acc":15.625,"_wandb":{"runtime":143},"_runtime":143,"_timestamp":1.7649587914004905e+09,"_step":119,"train_loss":48.92416845049177}