{"_step":119,"train_loss":2.773382936205183,"val_top5_acc":15.625,"_wandb":{"runtime":193},"_runtime":193,"epoch":99,"lr":0,"_timestamp":1.7649679681419659e+09}