{"val_top5_acc":25,"_wandb":{"runtime":44},"_runtime":44,"epoch":99,"lr":0,"_timestamp":1.765189148896319e+09,"_step":119,"train_loss":41.72812271118164}