{"_timestamp":1.765188459883143e+09,"_step":119,"train_loss":44.3980827331543,"epoch":99,"val_top5_acc":25,"_wandb":{"runtime":44},"_runtime":44,"lr":0}