{"train_loss":3.466026465098063,"epoch":99,"lr":0,"val_top5_acc":15.625,"_wandb":{"runtime":100},"_runtime":100,"_timestamp":1.7649555951414413e+09,"_step":119}