{"train_loss":2.3612665108272006,"epoch":99,"lr":0,"val_top5_acc":31.25,"_runtime":215,"_wandb":{"runtime":215},"_timestamp":1.7652726761568713e+09,"_step":119}