{"lr":0,"_timestamp":1.7649659684062085e+09,"val_top5_acc":15.625,"_wandb":{"runtime":323},"_runtime":323,"_step":119,"train_loss":2.772930792399815,"epoch":99}