{"_wandb":{"runtime":68},"_runtime":68,"_timestamp":1.7651866667408538e+09,"_step":119,"train_loss":44.17278798421224,"epoch":99,"lr":0,"val_top5_acc":25}