{"val_top5_acc":25,"_wandb":{"runtime":42},"_runtime":42,"_step":119,"train_loss":5.071844577789307,"epoch":99,"lr":0,"_timestamp":1.7651874106203878e+09}