{"train_loss":3.3354953697749545,"epoch":99,"lr":0,"val_top5_acc":15.625,"_wandb":{"runtime":144},"_runtime":144,"_timestamp":1.7649655301539593e+09,"_step":119}