{"val_top5_acc":15.625,"_wandb":{"runtime":103},"_runtime":103,"epoch":99,"lr":0,"_timestamp":1.764965639248587e+09,"_step":119,"train_loss":3.5774343013763428}