{"_timestamp":1.7649537553450356e+09,"_step":6,"train_loss":2.7761431762150357,"epoch":5,"val_top5_acc":15.625,"_wandb":{"runtime":9},"_runtime":9,"lr":0.00029734308760930326}