{"train_loss":42.20448630196707,"epoch":99,"val_top5_acc":12.5,"_wandb":{"runtime":428},"_runtime":428,"lr":0,"_timestamp":1.7651986798845766e+09,"_step":119}