{"val_top5_acc":15.625,"_wandb":{"runtime":257},"_runtime":257,"train_loss":2.7724604266030446,"epoch":99,"lr":0,"_timestamp":1.7649611696210065e+09,"_step":119}