{"_step":119,"train_loss":44.191855112711586,"epoch":99,"lr":0,"_timestamp":1.7651889911842592e+09,"val_top5_acc":37.5,"_wandb":{"runtime":75},"_runtime":75}