{"_timestamp":1.765276432027027e+09,"val_top5_acc":21.875,"_wandb":{"runtime":405},"_runtime":405,"_step":119,"train_loss":0.5986292163530985,"epoch":99,"lr":0}