{"_runtime":116,"train_loss":9.765843073527018,"epoch":99,"lr":0,"_timestamp":1.7651850832072582e+09,"_step":119,"val_top5_acc":15.625,"_wandb":{"runtime":116}}