{"epoch":99,"lr":0,"_timestamp":1.7649677691007824e+09,"val_top5_acc":15.625,"_wandb":{"runtime":103},"_runtime":103,"_step":119,"train_loss":3.4656267166137695}