{"_timestamp":1.7649646640171642e+09,"val_top5_acc":15.625,"_wandb":{"runtime":174},"_runtime":174,"_step":119,"train_loss":172.07088470458984,"epoch":99,"lr":0}