{"_runtime":78,"_wandb":{"runtime":78},"_step":119,"train_loss":3.5557656288146973,"epoch":99,"lr":0,"_timestamp":1.764962494061966e+09,"val_top5_acc":15.625}