{"lr":0,"_timestamp":1.7652758434336998e+09,"val_top5_acc":25,"_runtime":444,"_wandb":{"runtime":444},"_step":119,"train_loss":0.63664197070258,"epoch":99}