{"lr":0,"_timestamp":1.765188232623466e+09,"val_top5_acc":31.25,"_runtime":46,"_wandb":{"runtime":46},"_step":119,"train_loss":44.2609977722168,"epoch":99}