{"lr":0,"_timestamp":1.7651887067170246e+09,"val_top5_acc":21.875,"_runtime":76,"_wandb":{"runtime":76},"_step":119,"train_loss":0.20314755042394003,"epoch":99}